Comparison,HR,CI_Lower,CI_Upper,Log_HR,SE_Log_HR
Drug-A vs Drug-B,0.5447627318173661,0.3139708731894063,0.9452037093838702,-0.6074049335767095,0.2811480226239752
