Comparison,HR,CI_Lower,CI_Upper,Log_HR,SE_Log_HR
Drug-A vs Drug-B,0.5448546986176724,0.3140238777268134,0.9453632785976079,-0.6072361279061028,0.2811480226239752
