scenario,hr_drug_a_vs_c,change_from_base
RCT-C HR +10%,0.7706699813599519,-9.090909090909086
RCT-C HR -10%,0.941929977217719,11.111111111111114
RCT-A HR +10%,0.9325106774455418,10.000000000000007
RCT-A HR -10%,0.7629632815463524,-9.999999999999995
