batch,n,mean,std,min,max,q25,median,q75,cv,skewness,kurtosis,shapiro_p,is_normal,anderson_stat,ks_p
B001,24,83.83333333333333,2.352919863501086,78,88,82.75,84.0,85.0,0.028066638530828067,-0.5121847467829018,0.08272799539486009,0.6038385258217795,True,0.35480206173093265,0.5736721009973571
B002,24,80.0,2.0,75,83,79.0,80.0,81.0,0.025,-0.7328208395227488,0.25519848771266496,0.13907131766463576,True,0.5602232139999472,0.4678433917500088
B003,24,82.625,3.2277667606054754,75,88,81.0,83.0,85.0,0.03906525580157913,-0.5416974183200948,-0.18073525486075903,0.6301059485783477,True,0.2895904189305263,0.7682353816768172